Player,team_name
brian roberts,Charlotte Hornets
bismack biyombo,Charlotte Hornets
al jefferson,Charlotte Hornets
cody zeller,Charlotte Hornets
gary neal,Charlotte Hornets
gerald henderson,Charlotte Hornets
kemba walker,Charlotte Hornets
michael kidd-gilchrist,Charlotte Hornets
lance stephenson,Charlotte Hornets
marvin williams,Charlotte Hornets
jason maxiell,Charlotte Hornets
gordon hayward,Utah Jazz
trevor booker,Utah Jazz
enes kanter,Utah Jazz
derrick favors,Utah Jazz
dante exum,Utah Jazz
jon ingles,Utah Jazz
trey burke,Utah Jazz
rudy gobert,Utah Jazz
carlos boozer,Los Angeles Lakers
jeremy lin,Los Angeles Lakers
kobe bryant,Los Angeles Lakers
ed davis,Los Angeles Lakers
ronnie price,Los Angeles Lakers
wayne ellington,Los Angeles Lakers
wesley johnson,Los Angeles Lakers
jordan hill,Los Angeles Lakers
nick young,Los Angeles Lakers
robert sacre,Los Angeles Lakers
harrison barnes,Golden State Warriors
leandro barbosa,Golden State Warriors
stephen curry,Golden State Warriors
klay thompson,Golden State Warriors
marreese speights,Golden State Warriors
shaun livingston,Golden State Warriors
andrew bogut,Golden State Warriors
andre iguodala,Golden State Warriors
draymond green,Golden State Warriors
al horford,Atlanta Hawks
thabo sefolosha,Atlanta Hawks
dennis schroder,Atlanta Hawks
paul millsap,Atlanta Hawks
kyle korver,Atlanta Hawks
pero antic,Atlanta Hawks
kent bazemore,Atlanta Hawks
mike scott,Atlanta Hawks
jeff teague,Atlanta Hawks
demarre carroll,Atlanta Hawks
marcin gortat,Washington Wizards
otto porter,Washington Wizards
kris humphries,Washington Wizards
bradley beal,Washington Wizards
andre miller,Washington Wizards
garrett temple,Washington Wizards
kevin seraphin,Washington Wizards
paul pierce,Washington Wizards
rasual butler,Washington Wizards
nene hilario,Washington Wizards
john wall,Washington Wizards
omer asik,New Orleans Pelicans
jrue holiday,New Orleans Pelicans
ryan anderson,New Orleans Pelicans
tyreke evans,New Orleans Pelicans
luke babbitt,New Orleans Pelicans
anthony davis,New Orleans Pelicans
dante cunningham,New Orleans Pelicans
alexis ajinca,New Orleans Pelicans
jimmer dredette,New Orleans Pelicans
tyler hansbrough,Toronto Raptors
kyle lowry,Toronto Raptors
terrence ross,Toronto Raptors
amir johnson,Toronto Raptors
greivis vasquez,Toronto Raptors
lou williams,Toronto Raptors
james johnson,Toronto Raptors
jonas valanciunas,Toronto Raptors
patrick patterson,Toronto Raptors
mnta ellis,Dallas Mavericks
tyson chandler,Dallas Mavericks
jose juan barea,Dallas Mavericks
devin harris,Dallas Mavericks
greg smith,Dallas Mavericks
charlie villanueva,Dallas Mavericks
al farouq aminu,Dallas Mavericks
chandler parsons,Dallas Mavericks
richard jefferson,Dallas Mavericks
dirk nowtizski,Dallas Mavericks
tobias harris,Orlando Magic
evan fournier,Orlando Magic
aaron gordon,Orlando Magic
channing frye,Orlando Magic
victor oladipo,Orlando Magic
elfrid payton,Orlando Magic
kyle oquinn,Orlando Magic
nikola vucevic,Orlando Magic
ben gordon,Orlando Magic
matthew dellavedova,Cleveland Cavaliers
kyrie irving,Cleveland Cavaliers
shawn marion,Cleveland Cavaliers
lebron james,Cleveland Cavaliers
tristan thompson,Cleveland Cavaliers
kevin love,Cleveland Cavaliers
mike miller,Cleveland Cavaliers
joe harris,Cleveland Cavaliers
lavoy allen,Indiana Pacers
chris copeland,Indiana Pacers
luis scola,Indiana Pacers
donald sloan,Indiana Pacers
damjan rudez,Indiana Pacers
cj watson,Indiana Pacers
cj miles,Indiana Pacers
rodney stuckey,Indiana Pacers
roy hibbert,Indiana Pacers
david west,Indiana Pacers
solomon hill,Indiana Pacers
avery bradley,Boston Celtics
marcus thornton,Boston Celtics
tyler zeller,Boston Celtics
evan turner,Boston Celtics
jared sullinger,Boston Celtics
brandon bass,Boston Celtics
marcus smart,Boston Celtics
kelly olynyk,Boston Celtics
jeff green,Boston Celtics
marco belinelli,San Antonio Spurs
manu ginobili,San Antonio Spurs
cory joseph,San Antonio Spurs
kawhi leonard,San Antonio Spurs
matt bonner,San Antonio Spurs
boris diaw,San Antonio Spurs
danny green,San Antonio Spurs
aron baynes,San Antonio Spurs
tony parker,San Antonio Spurs
tim duncan,San Antonio Spurs
alonzo gee,Denver Nuggets
wilson chandler,Denver Nuggets
nate robinson,Denver Nuggets
ty lawson,Denver Nuggets
timofey mozgov,Denver Nuggets
arron afflalo,Denver Nuggets
jusuf nurkic,Denver Nuggets
darrell arthur,Denver Nuggets
danilo gallinai,Denver Nuggets
kenneth faried,Denver Nuggets
jj hickson,Denver Nuggets
pj tucker,Phoenix Suns
goran dragic,Phoenix Suns
gerald green,Phoenix Suns
isaiah thomas,Phoenix Suns
marcus morris,Phoenix Suns
eric bledsoe,Phoenix Suns
alex len,Phoenix Suns
markieff morris,Phoenix Suns
robert covington,Philadelphia 76ers
nerles noel,Philadelphia 76ers
jerami grant,Philadelphia 76ers
michael carter-williams,Philadelphia 76ers
kj mcdaniels,Philadelphia 76ers
hollis thompson,Philadelphia 76ers
jakarr sampson,Philadelphia 76ers
luc mbah a moute,Philadelphia 76ers
henry sims,Philadelphia 76ers
john henson,Milwaukee Bucks
zaza pachulia,Milwaukee Bucks
jared dudley,Milwaukee Bucks
oj mayo,Milwaukee Bucks
brandon knight,Milwaukee Bucks
khris middleton,Milwaukee Bucks
giannis antetokounmpo,Milwaukee Bucks
jerryd bayless,Milwaukee Bucks
zach randolph,Memphis Grizzlies
vince carter,Memphis Grizzlies
jon leuer,Memphis Grizzlies
kosta koufos,Memphis Grizzlies
tony allen,Memphis Grizzlies
marc gasol,Memphis Grizzlies
courtney lee,Memphis Grizzlies
beno urdih,Memphis Grizzlies
mike conley,Memphis Grizzlies
jason smith,New York Knicks
cole aldrich,New York Knicks
travis wear,New York Knicks
quincy acy,New York Knicks
shane larkin,New York Knicks
amare stoudemire,New York Knicks
jose calderon,New York Knicks
carmelo anthony,New York Knicks
pablo prigioni,New York Knicks
time hardaway jr,New York Knicks
greg monroe,Detroit Pistons
kentavious caldwell-pope,Detroit Pistons
dj augustin,Detroit Pistons
caron butler,Detroit Pistons
andre drummond,Detroit Pistons
jonas jerebko,Detroit Pistons
kyle singler,Detroit Pistons
brandon jennings,Detroit Pistons
kostas papanikolaou,Houston Rockets
trevor ariza,Houston Rockets
jason terry,Houston Rockets
donatas motiejunas,Houston Rockets
james harden,Houston Rockets
patrick beverley,Houston Rockets
dwight howard,Houston Rockets
joey dorsey,Houston Rockets
mario chalmers,Miami Heat
udonis haslem,Miami Heat
shawne williams,Miami Heat
chris bosh,Miami Heat
chris andersen,Miami Heat
dwayne wade,Miami Heat
shabazz napier,Miami Heat
james ennis,Miami Heat
norris cole,Miami Heat
luol deng,Miami Heat
jason thompson,Sacramento Kings
ray mccallum,Sacramento Kings
carl landry,Sacramento Kings
ben mclemore,Sacramento Kings
derrick williams,Sacramento Kings
darren collison,Sacramento Kings
nik stauskas,Sacramento Kings
demarcus cousins,Sacramento Kings
rudy gay,Sacramento Kings
omri casspi,Sacramento Kings
ramon sessions,Sacramento Kings
nick collison,Oklahoma City Thunder
reggie jackson,Oklahoma City Thunder
kendrick perkins,Oklahoma City Thunder
serge ibaka,Oklahoma City Thunder
anthony morrow,Oklahoma City Thunder
russell westbrook,Oklahoma City Thunder
andre roberson,Oklahoma City Thunder
jeremy lamb,Oklahoma City Thunder
steve adams,Oklahoma City Thunder
jamal crawford,Los Angeles Clippers
matt barnes,Los Angeles Clippers
jj redick,Los Angeles Clippers
chris paul,Los Angeles Clippers
deandre jordan,Los Angeles Clippers
hedo turkoglu,Los Angeles Clippers
spencer hawes,Los Angeles Clippers
jordan farmar,Los Angeles Clippers
blake griffin,Los Angeles Clippers
glen davis,Los Angeles Clippers
kirk hinrich,Chicago Bulls
pau gasol,Chicago Bulls
taj gibson,Chicago Bulls
derrick rose,Chicago Bulls
jimmy butler,Chicago Bulls
nikola mirotic,Chicago Bulls
tony snell,Chicago Bulls
aaron brooks,Chicago Bulls
joakim noah,Chicago Bulls
cj mccollum,Portland Trail Blazers
wesley matthews,Portland Trail Blazers
steve blake,Portland Trail Blazers
lamarcus aldridge,Portland Trail Blazers
alan crabbe,Portland Trail Blazers
nicolas batum,Portland Trail Blazers
damian lillard,Portland Trail Blazers
chris kaman,Portland Trail Blazers
andrew wiggins,Minnesota Timberwolves
gorgui dieng,Minnesota Timberwolves
mo williams,Minnesota Timberwolves
anthony bennett,Minnesota Timberwolves
zach lavine,Minnesota Timberwolves
shabazz muhammad,Minnesota Timberwolves
thaddeus young,Minnesota Timberwolves
chase budinger,Minnesota Timberwolves
robbie hummel,Minnesota Timberwolves
brook lopez,Brooklyn Nets
mirza teletovic,Brooklyn Nets
mason plumlee,Brooklyn Nets
kevin garnett,Brooklyn Nets
alan anderson,Brooklyn Nets
deron williams,Brooklyn Nets
joe johnson,Brooklyn Nets
jerome jordan,Brooklyn Nets
bojan bogdanovic,Brooklyn Nets
jarrett jack,Brooklyn Nets
